325156655,Bernie Sanders,Negative,Tennessee,Wed Apr 27 21:51:38 +0000 2016
576358484,Bernie Sanders,Negative,undefined,Wed Apr 27 21:51:39 +0000 2016
1013374544,Bernie Sanders,Neutral,District of Columbia,Wed Apr 27 21:51:39 +0000 2016
3084416757,Bernie Sanders,Negative,Pennsylvania,Wed Apr 27 21:51:35 +0000 2016
18550652,Bernie Sanders,Positive,Texas,Wed Apr 27 21:51:40 +0000 2016
262380992,Bernie Sanders,Neutral,undefined,Wed Apr 27 21:51:40 +0000 2016
57805532,Bernie Sanders,Negative,British Columbia,Wed Apr 27 21:51:39 +0000 2016
25385002,Bernie Sanders,Neutral,California,Wed Apr 27 21:51:41 +0000 2016
2826983287,Bernie Sanders,Positive,California,Wed Apr 27 21:51:41 +0000 2016
265107455,Bernie Sanders,Negative,Florida,Wed Apr 27 21:51:42 +0000 2016
4114171338,Bernie Sanders,Neutral,Minnesota,Wed Apr 27 21:51:42 +0000 2016
463382704,Bernie Sanders,Neutral,Arizona,Wed Apr 27 21:51:42 +0000 2016
2794126314,Bernie Sanders,Positive,undefined,Wed Apr 27 21:51:43 +0000 2016
1866862866,Bernie Sanders,Negative,undefined,Wed Apr 27 21:51:43 +0000 2016
21926367,Bernie Sanders,Negative,California,Wed Apr 27 21:51:43 +0000 2016
576358484,Bernie Sanders,Negative,undefined,Wed Apr 27 21:51:45 +0000 2016
16118799,Bernie Sanders,Negative,British Columbia,Wed Apr 27 21:51:45 +0000 2016
453321264,Bernie Sanders,Neutral,Florida,Wed Apr 27 21:51:46 +0000 2016
2594358360,Bernie Sanders,Negative,West Virginia,Wed Apr 27 21:51:46 +0000 2016
28974585,Bernie Sanders,Neutral,New York,Wed Apr 27 21:51:46 +0000 2016
3319524353,Bernie Sanders,Positive,Ohio,Wed Apr 27 21:51:47 +0000 2016
4114171338,Bernie Sanders,Neutral,Minnesota,Wed Apr 27 21:51:47 +0000 2016
19561523,Bernie Sanders,Neutral,Iowa,Wed Apr 27 21:51:48 +0000 2016
2594358360,Bernie Sanders,Negative,West Virginia,Wed Apr 27 21:51:48 +0000 2016
24489318,Bernie Sanders,Positive,California,Wed Apr 27 21:51:49 +0000 2016
2367153709,Bernie Sanders,Neutral,Tennessee,Wed Apr 27 21:51:50 +0000 2016
229300260,Bernie Sanders,Negative,Iowa,Wed Apr 27 21:51:50 +0000 2016
16491845,Bernie Sanders,Neutral,Iowa,Wed Apr 27 21:51:50 +0000 2016
898707230,Bernie Sanders,Positive,undefined,Wed Apr 27 21:51:50 +0000 2016
725437474122698752,Bernie Sanders,Negative,Galway,Wed Apr 27 21:51:51 +0000 2016
49800332,Bernie Sanders,Negative,Virginia,Wed Apr 27 21:51:51 +0000 2016
262691862,Bernie Sanders,Neutral,District of Columbia,Wed Apr 27 21:51:51 +0000 2016
289361399,Bernie Sanders,Neutral,Pennsylvania,Wed Apr 27 21:51:52 +0000 2016
135949907,Bernie Sanders,Neutral,Oregon,Wed Apr 27 21:51:52 +0000 2016
19802846,Bernie Sanders,Positive,Iowa,Wed Apr 27 21:51:53 +0000 2016
19802846,Bernie Sanders,Positive,Iowa,Wed Apr 27 21:51:54 +0000 2016
18237313,Bernie Sanders,Positive,District of Columbia,Wed Apr 27 21:51:55 +0000 2016
4114171338,Bernie Sanders,Neutral,Minnesota,Wed Apr 27 21:51:56 +0000 2016
1132806596,Bernie Sanders,Neutral,undefined,Wed Apr 27 21:51:56 +0000 2016
244344342,Bernie Sanders,Neutral,undefined,Wed Apr 27 21:51:56 +0000 2016
281482400,Bernie Sanders,Positive,Pennsylvania,Wed Apr 27 21:51:56 +0000 2016
21316821,Bernie Sanders,Neutral,Indiana,Wed Apr 27 21:51:57 +0000 2016
236034427,Bernie Sanders,Neutral,Georgia,Wed Apr 27 21:51:58 +0000 2016
818158974,Bernie Sanders,Neutral,undefined,Wed Apr 27 21:51:58 +0000 2016
4519190836,Bernie Sanders,Neutral,undefined,Wed Apr 27 21:51:58 +0000 2016
1072890602,Bernie Sanders,Neutral,California,Wed Apr 27 21:51:59 +0000 2016
325298584,Bernie Sanders,Positive,New York,Wed Apr 27 21:51:59 +0000 2016
94611763,Bernie Sanders,Positive,Oregon,Wed Apr 27 21:52:00 +0000 2016
14860067,Bernie Sanders,Negative,California,Wed Apr 27 21:52:01 +0000 2016
2772582401,Bernie Sanders,Neutral,England,Wed Apr 27 21:52:01 +0000 2016
4114171338,Bernie Sanders,Neutral,Minnesota,Wed Apr 27 21:52:02 +0000 2016
33422843,Bernie Sanders,Neutral,Utah,Wed Apr 27 21:52:02 +0000 2016
2873876650,Bernie Sanders,Neutral,Texas,Wed Apr 27 21:52:02 +0000 2016
318680138,Bernie Sanders,Negative,Valle del Cauca,Wed Apr 27 21:52:03 +0000 2016
19802846,Bernie Sanders,Positive,Iowa,Wed Apr 27 21:52:04 +0000 2016
19802846,Bernie Sanders,Positive,Iowa,Wed Apr 27 21:52:05 +0000 2016
346331357,Bernie Sanders,Positive,Galway,Wed Apr 27 21:52:05 +0000 2016
3048356123,Bernie Sanders,Neutral,Texas,Wed Apr 27 21:52:05 +0000 2016
3171738157,Bernie Sanders,Negative,California,Wed Apr 27 21:52:05 +0000 2016
701576750,Bernie Sanders,Negative,undefined,Wed Apr 27 21:52:06 +0000 2016
4114171338,Bernie Sanders,Neutral,Minnesota,Wed Apr 27 21:52:07 +0000 2016
168270396,Bernie Sanders,Neutral,South Carolina,Wed Apr 27 21:52:07 +0000 2016
483429828,Bernie Sanders,Negative,undefined,Wed Apr 27 21:52:08 +0000 2016
149189627,Bernie Sanders,Neutral,England,Wed Apr 27 21:52:09 +0000 2016
2407550180,Bernie Sanders,Negative,New York,Wed Apr 27 21:52:09 +0000 2016
2407550180,Bernie Sanders,Neutral,New York,Wed Apr 27 21:52:09 +0000 2016
513770285,Bernie Sanders,Neutral,West Virginia,Wed Apr 27 21:52:09 +0000 2016
280082481,Bernie Sanders,Negative,undefined,Wed Apr 27 21:52:11 +0000 2016
19745722,Bernie Sanders,Positive,Thuringia,Wed Apr 27 21:52:11 +0000 2016
2398475894,Bernie Sanders,Neutral,undefined,Wed Apr 27 21:52:11 +0000 2016
192990889,Bernie Sanders,Negative,undefined,Wed Apr 27 21:52:12 +0000 2016
123923304,Bernie Sanders,Neutral,California,Wed Apr 27 21:52:12 +0000 2016
403874531,Bernie Sanders,Positive,Kentucky,Wed Apr 27 21:52:13 +0000 2016
2818005823,Bernie Sanders,Negative,undefined,Wed Apr 27 21:52:13 +0000 2016
4114171338,Bernie Sanders,Neutral,Minnesota,Wed Apr 27 21:52:14 +0000 2016
19315409,Bernie Sanders,Neutral,Ontario,Wed Apr 27 21:52:15 +0000 2016
30761484,Bernie Sanders,Negative,Maryland,Wed Apr 27 21:52:16 +0000 2016
403874531,Bernie Sanders,Negative,Kentucky,Wed Apr 27 21:52:16 +0000 2016
4912219660,Bernie Sanders,Neutral,Ontario,Wed Apr 27 21:52:17 +0000 2016
346137929,Bernie Sanders,Negative,Texas,Wed Apr 27 21:52:17 +0000 2016
464147102,Bernie Sanders,Neutral,Florida,Wed Apr 27 21:52:18 +0000 2016
625844032,Bernie Sanders,Negative,Nevada,Wed Apr 27 21:52:19 +0000 2016
480900509,Bernie Sanders,Neutral,Texas,Wed Apr 27 21:52:19 +0000 2016
705875280951250944,Bernie Sanders,Negative,New South Wales,Wed Apr 27 21:52:20 +0000 2016
4114171338,Bernie Sanders,Neutral,Minnesota,Wed Apr 27 21:52:20 +0000 2016
183433177,Bernie Sanders,Negative,Texas,Wed Apr 27 21:52:22 +0000 2016
2683508207,Bernie Sanders,Neutral,District of Columbia,Wed Apr 27 21:52:22 +0000 2016
213092432,Bernie Sanders,Positive,Nevada,Wed Apr 27 21:52:23 +0000 2016
14814544,Bernie Sanders,Neutral,Washington,Wed Apr 27 21:52:23 +0000 2016
21926367,Bernie Sanders,Neutral,California,Wed Apr 27 21:52:24 +0000 2016
1932816230,Bernie Sanders,Positive,Texas,Wed Apr 27 21:52:24 +0000 2016
35637063,Bernie Sanders,Positive,New Hampshire,Wed Apr 27 21:52:24 +0000 2016
25744313,Bernie Sanders,Negative,Pennsylvania,Wed Apr 27 21:52:25 +0000 2016
1583496618,Bernie Sanders,Neutral,California,Wed Apr 27 21:52:26 +0000 2016
19561523,Bernie Sanders,Positive,Iowa,Wed Apr 27 21:52:26 +0000 2016
4114171338,Bernie Sanders,Neutral,Minnesota,Wed Apr 27 21:52:26 +0000 2016
126652237,Bernie Sanders,Neutral,undefined,Wed Apr 27 21:52:27 +0000 2016
30572788,Bernie Sanders,Positive,Texas,Wed Apr 27 21:52:27 +0000 2016
2363533884,Bernie Sanders,Positive,Connecticut,Wed Apr 27 21:52:27 +0000 2016
19802846,Bernie Sanders,Negative,Iowa,Wed Apr 27 21:52:27 +0000 2016
17296162,Bernie Sanders,Negative,undefined,Wed Apr 27 21:52:28 +0000 2016
19802846,Bernie Sanders,Negative,Iowa,Wed Apr 27 21:52:28 +0000 2016
2838687015,Bernie Sanders,Positive,North Carolina,Wed Apr 27 21:52:28 +0000 2016
16377959,Bernie Sanders,Positive,Ohio,Wed Apr 27 21:52:29 +0000 2016
36173508,Bernie Sanders,Negative,Minnesota,Wed Apr 27 21:52:30 +0000 2016
97047728,Bernie Sanders,Neutral,Ohio,Wed Apr 27 21:52:30 +0000 2016
4114171338,Bernie Sanders,Neutral,Minnesota,Wed Apr 27 21:52:32 +0000 2016
32346621,Bernie Sanders,Positive,California,Wed Apr 27 21:52:32 +0000 2016
14084825,Bernie Sanders,Neutral,Texas,Wed Apr 27 21:52:32 +0000 2016
54142184,Bernie Sanders,Neutral,West Coast,Wed Apr 27 21:52:33 +0000 2016
14125226,Bernie Sanders,Neutral,undefined,Wed Apr 27 21:52:33 +0000 2016
4114171338,Bernie Sanders,Neutral,Minnesota,Wed Apr 27 21:52:50 +0000 2016
2479262299,Bernie Sanders,Negative,Texas,Wed Apr 27 21:52:50 +0000 2016
16377959,Bernie Sanders,Positive,Ohio,Wed Apr 27 21:52:51 +0000 2016
404502940,Bernie Sanders,Negative,Sichuan Sheng,Wed Apr 27 21:52:52 +0000 2016
19802846,Bernie Sanders,Neutral,Iowa,Wed Apr 27 21:52:52 +0000 2016
818158974,Bernie Sanders,Neutral,undefined,Wed Apr 27 21:52:52 +0000 2016
19802846,Bernie Sanders,Neutral,Iowa,Wed Apr 27 21:52:52 +0000 2016
1296779132,Bernie Sanders,Negative,New Territories,Wed Apr 27 21:52:52 +0000 2016
2447021562,Bernie Sanders,Neutral,undefined,Wed Apr 27 21:52:53 +0000 2016
15679128,Bernie Sanders,Negative,undefined,Wed Apr 27 21:52:54 +0000 2016
526034888,Bernie Sanders,Negative,undefined,Wed Apr 27 21:52:55 +0000 2016
4114171338,Bernie Sanders,Neutral,Minnesota,Wed Apr 27 21:52:56 +0000 2016
16377959,Bernie Sanders,Positive,Ohio,Wed Apr 27 21:52:56 +0000 2016
480900509,Bernie Sanders,Neutral,Texas,Wed Apr 27 21:52:56 +0000 2016
2557539361,Bernie Sanders,Neutral,Illinois,Wed Apr 27 21:52:57 +0000 2016
54142184,Bernie Sanders,Neutral,West Coast,Wed Apr 27 21:52:57 +0000 2016
30880296,Bernie Sanders,Positive,undefined,Wed Apr 27 21:52:59 +0000 2016
19745722,Bernie Sanders,Neutral,Thuringia,Wed Apr 27 21:53:00 +0000 2016
232851192,Bernie Sanders,Neutral,Jammu and Kashmir,Wed Apr 27 21:53:00 +0000 2016
425343036,Bernie Sanders,Positive,Texas,Wed Apr 27 21:53:01 +0000 2016
985999123,Bernie Sanders,Negative,Illinois,Wed Apr 27 21:53:01 +0000 2016
574133100,Bernie Sanders,Neutral,Louisiana,Wed Apr 27 21:53:01 +0000 2016
1087165952,Bernie Sanders,Neutral,Gelderland,Wed Apr 27 21:53:01 +0000 2016
200571682,Bernie Sanders,Neutral,New York,Wed Apr 27 21:53:01 +0000 2016
4114171338,Bernie Sanders,Neutral,Minnesota,Wed Apr 27 21:53:01 +0000 2016
346137929,Bernie Sanders,Negative,Texas,Wed Apr 27 21:53:02 +0000 2016
539500852,Bernie Sanders,Neutral,Pennsylvania,Wed Apr 27 21:53:04 +0000 2016
15964210,Bernie Sanders,Neutral,Washington,Wed Apr 27 21:53:05 +0000 2016
36173508,Bernie Sanders,Neutral,Minnesota,Wed Apr 27 21:53:05 +0000 2016
2648297333,Bernie Sanders,Negative,Nebraska,Wed Apr 27 21:53:06 +0000 2016
911626057,Bernie Sanders,Negative,Pennsylvania,Wed Apr 27 21:53:06 +0000 2016
3402867112,Bernie Sanders,Positive,Texas,Wed Apr 27 21:53:06 +0000 2016
4114171338,Bernie Sanders,Neutral,Minnesota,Wed Apr 27 21:53:08 +0000 2016
4728945939,Bernie Sanders,Positive,Illinois,Wed Apr 27 21:53:08 +0000 2016
883421593,Bernie Sanders,Neutral,California,Wed Apr 27 21:53:08 +0000 2016
2886031740,Bernie Sanders,Neutral,Iowa,Wed Apr 27 21:53:08 +0000 2016
2183520866,Bernie Sanders,Neutral,California,Wed Apr 27 21:53:08 +0000 2016
607509540,Bernie Sanders,Positive,South Carolina,Wed Apr 27 21:53:09 +0000 2016
309422920,Bernie Sanders,Neutral,undefined,Wed Apr 27 21:53:09 +0000 2016
15964210,Bernie Sanders,Neutral,Washington,Wed Apr 27 21:53:10 +0000 2016
3592477283,Bernie Sanders,Negative,Nord-Pas-de-Calais Picardie,Wed Apr 27 21:53:11 +0000 2016
478606913,Bernie Sanders,Neutral,Manitoba,Wed Apr 27 21:53:12 +0000 2016
2741765951,Bernie Sanders,Negative,South Carolina,Wed Apr 27 21:53:12 +0000 2016
725030906776412160,Bernie Sanders,Negative,West Virginia,Wed Apr 27 21:53:13 +0000 2016
275226008,Bernie Sanders,Positive,Texas,Wed Apr 27 21:53:13 +0000 2016
2225595169,Bernie Sanders,Neutral,Florida,Wed Apr 27 21:53:13 +0000 2016
167416263,Bernie Sanders,Positive,Hong Kong Island,Wed Apr 27 21:53:13 +0000 2016
19745722,Bernie Sanders,Neutral,Thuringia,Wed Apr 27 21:53:13 +0000 2016
15964210,Bernie Sanders,Positive,Washington,Wed Apr 27 21:53:14 +0000 2016
2674553948,Bernie Sanders,Positive,New York,Wed Apr 27 21:53:15 +0000 2016
19088288,Bernie Sanders,Neutral,undefined,Wed Apr 27 21:53:15 +0000 2016
133743369,Bernie Sanders,Neutral,undefined,Wed Apr 27 21:53:15 +0000 2016
35567361,Bernie Sanders,Positive,Texas,Wed Apr 27 21:53:16 +0000 2016
449315504,Bernie Sanders,Negative,Florida,Wed Apr 27 21:53:17 +0000 2016
586981577,Bernie Sanders,Negative,California,Wed Apr 27 21:53:19 +0000 2016
23803056,Bernie Sanders,Positive,California,Wed Apr 27 21:53:19 +0000 2016
137913999,Bernie Sanders,Positive,Indiana,Wed Apr 27 21:53:19 +0000 2016
607558430,Bernie Sanders,Positive,Florida,Wed Apr 27 21:53:20 +0000 2016
16377959,Bernie Sanders,Positive,Ohio,Wed Apr 27 21:53:21 +0000 2016
940499281,Bernie Sanders,Positive,Wisconsin,Wed Apr 27 21:53:21 +0000 2016
17397880,Bernie Sanders,Neutral,undefined,Wed Apr 27 21:53:23 +0000 2016
3315030541,Bernie Sanders,Neutral,Texas,Wed Apr 27 21:53:24 +0000 2016
480900509,Bernie Sanders,Neutral,Texas,Wed Apr 27 21:53:25 +0000 2016
2414913756,Bernie Sanders,Neutral,Florida,Wed Apr 27 21:53:26 +0000 2016
1902698234,Bernie Sanders,Neutral,undefined,Wed Apr 27 21:53:27 +0000 2016
353433777,Bernie Sanders,Positive,Michigan,Wed Apr 27 21:53:27 +0000 2016
3033176838,Bernie Sanders,Negative,Florida,Wed Apr 27 21:53:28 +0000 2016
371410577,Bernie Sanders,Negative,Texas,Wed Apr 27 21:53:28 +0000 2016
1281153908,Bernie Sanders,Neutral,undefined,Wed Apr 27 21:53:28 +0000 2016
232861806,Bernie Sanders,Neutral,Michigan,Wed Apr 27 21:53:28 +0000 2016
19802846,Bernie Sanders,Neutral,Iowa,Wed Apr 27 21:53:29 +0000 2016
369760961,Bernie Sanders,Neutral,New Jersey,Wed Apr 27 21:53:29 +0000 2016
247102269,Bernie Sanders,Neutral,New Jersey,Wed Apr 27 21:53:29 +0000 2016
2895101374,Bernie Sanders,Neutral,Havana,Wed Apr 27 21:53:29 +0000 2016
2991519761,Bernie Sanders,Neutral,California,Wed Apr 27 21:53:29 +0000 2016
19802846,Bernie Sanders,Neutral,Iowa,Wed Apr 27 21:53:29 +0000 2016
1113271,Bernie Sanders,Neutral,California,Wed Apr 27 21:53:30 +0000 2016
2426292006,Bernie Sanders,Negative,undefined,Wed Apr 27 21:53:30 +0000 2016
369760961,Bernie Sanders,Neutral,New Jersey,Wed Apr 27 21:53:31 +0000 2016
2723955654,Bernie Sanders,Positive,undefined,Wed Apr 27 21:53:31 +0000 2016
296538197,Bernie Sanders,Negative,North Carolina,Wed Apr 27 21:53:32 +0000 2016
21704514,Bernie Sanders,Neutral,New Jersey,Wed Apr 27 21:53:32 +0000 2016
218733247,Bernie Sanders,Positive,undefined,Wed Apr 27 21:53:34 +0000 2016
23912819,Bernie Sanders,Positive,California,Wed Apr 27 21:53:34 +0000 2016
112074096,Bernie Sanders,Positive,California,Wed Apr 27 21:53:35 +0000 2016
75318169,Bernie Sanders,Negative,Missouri,Wed Apr 27 21:53:35 +0000 2016
902200087,Bernie Sanders,Negative,District of Columbia,Wed Apr 27 21:53:35 +0000 2016
16377959,Bernie Sanders,Negative,Ohio,Wed Apr 27 21:53:36 +0000 2016
336828304,Bernie Sanders,Positive,undefined,Wed Apr 27 21:53:37 +0000 2016
480900509,Bernie Sanders,Neutral,Texas,Wed Apr 27 21:53:38 +0000 2016
394965321,Bernie Sanders,Negative,Iowa,Wed Apr 27 21:53:38 +0000 2016
16207883,Bernie Sanders,Neutral,New Jersey,Wed Apr 27 21:53:38 +0000 2016
36662949,Bernie Sanders,Neutral,Illinois,Wed Apr 27 21:53:40 +0000 2016
248836405,Bernie Sanders,Neutral,Georgia,Wed Apr 27 21:53:40 +0000 2016
22885414,Bernie Sanders,Negative,California,Wed Apr 27 21:53:41 +0000 2016
725437474122698752,Bernie Sanders,Negative,Galway,Wed Apr 27 21:53:43 +0000 2016
24566830,Bernie Sanders,Positive,Florida,Wed Apr 27 21:53:44 +0000 2016
1053754158,Bernie Sanders,Neutral,Texas,Wed Apr 27 21:53:44 +0000 2016
19802846,Bernie Sanders,Neutral,Iowa,Wed Apr 27 21:53:46 +0000 2016
18644245,Bernie Sanders,Negative,Puebla,Wed Apr 27 21:53:46 +0000 2016
296604313,Bernie Sanders,Negative,undefined,Wed Apr 27 21:53:48 +0000 2016
711361626339840004,Bernie Sanders,Neutral,Pennsylvania,Wed Apr 27 21:53:50 +0000 2016
89742192,Bernie Sanders,Neutral,Oregon,Wed Apr 27 21:53:50 +0000 2016
352547206,Bernie Sanders,Positive,New York,Wed Apr 27 21:53:51 +0000 2016
3050029817,Bernie Sanders,Neutral,Community of Madrid,Wed Apr 27 21:53:51 +0000 2016
623444777,Bernie Sanders,Negative,South Carolina,Wed Apr 27 21:53:52 +0000 2016
548305852,Bernie Sanders,Negative,Wyoming,Wed Apr 27 21:53:52 +0000 2016
21926367,Bernie Sanders,Negative,California,Wed Apr 27 21:53:53 +0000 2016
3171738157,Bernie Sanders,Positive,California,Wed Apr 27 21:53:54 +0000 2016
200231908,Bernie Sanders,Neutral,Nova Scotia,Wed Apr 27 21:53:54 +0000 2016
32761996,Bernie Sanders,Positive,Pennsylvania,Wed Apr 27 21:53:57 +0000 2016
141276803,Bernie Sanders,Neutral,California,Wed Apr 27 21:53:58 +0000 2016
725442493685350400,Bernie Sanders,Positive,California,Wed Apr 27 21:53:58 +0000 2016
4857762148,Bernie Sanders,Neutral,undefined,Wed Apr 27 21:53:58 +0000 2016
7926002,Bernie Sanders,Negative,Oregon,Wed Apr 27 21:53:59 +0000 2016
2184428881,Bernie Sanders,Negative,Florida,Wed Apr 27 21:53:59 +0000 2016
19004778,Bernie Sanders,Neutral,Ohio,Wed Apr 27 21:53:59 +0000 2016
2445522506,Bernie Sanders,Negative,Victoria,Wed Apr 27 21:54:00 +0000 2016
16664309,Bernie Sanders,Positive,Lower Saxony,Wed Apr 27 21:54:00 +0000 2016
2407464848,Bernie Sanders,Neutral,Oregon,Wed Apr 27 21:54:03 +0000 2016
485984782,Bernie Sanders,Negative,undefined,Wed Apr 27 21:54:03 +0000 2016
1182628704,Bernie Sanders,Neutral,Edo,Wed Apr 27 21:54:04 +0000 2016
111404774,Bernie Sanders,Negative,Bayern,Wed Apr 27 21:54:04 +0000 2016
537991195,Bernie Sanders,Negative,Washington,Wed Apr 27 21:54:05 +0000 2016
28974585,Bernie Sanders,Neutral,New York,Wed Apr 27 21:54:06 +0000 2016
179487856,Bernie Sanders,Neutral,California,Wed Apr 27 21:54:07 +0000 2016
366567122,Bernie Sanders,Neutral,Ohio,Wed Apr 27 21:54:07 +0000 2016
543755367,Bernie Sanders,Neutral,Alaska,Wed Apr 27 21:54:08 +0000 2016
107872549,Bernie Sanders,Positive,undefined,Wed Apr 27 21:54:08 +0000 2016
4748847275,Bernie Sanders,Negative,Pennsylvania,Wed Apr 27 21:54:08 +0000 2016
16377959,Bernie Sanders,Positive,Ohio,Wed Apr 27 21:54:09 +0000 2016
19802846,Bernie Sanders,Negative,Iowa,Wed Apr 27 21:54:10 +0000 2016
3227289826,Bernie Sanders,Negative,Nebraska,Wed Apr 27 21:54:10 +0000 2016
19802846,Bernie Sanders,Negative,Iowa,Wed Apr 27 21:54:10 +0000 2016
16548855,Bernie Sanders,Negative,Magdalena,Wed Apr 27 21:54:10 +0000 2016
17338408,Bernie Sanders,Negative,California,Wed Apr 27 21:54:11 +0000 2016
27261374,Bernie Sanders,Neutral,Arizona,Wed Apr 27 21:54:12 +0000 2016
630864785,Bernie Sanders,Positive,Hawaii,Wed Apr 27 21:54:12 +0000 2016
630864785,Bernie Sanders,Positive,Hawaii,Wed Apr 27 21:54:13 +0000 2016
2304955363,Bernie Sanders,Negative,Illinois,Wed Apr 27 21:54:13 +0000 2016
523724758,Bernie Sanders,Neutral,Michigan,Wed Apr 27 21:54:14 +0000 2016
276861987,Bernie Sanders,Positive,California,Wed Apr 27 21:54:14 +0000 2016
20169332,Bernie Sanders,Positive,Connecticut,Wed Apr 27 21:54:14 +0000 2016
711361626339840004,Bernie Sanders,Neutral,Pennsylvania,Wed Apr 27 21:54:14 +0000 2016
1864960441,Bernie Sanders,Neutral,Humacao,Wed Apr 27 21:54:15 +0000 2016
12203692,Bernie Sanders,Positive,New York,Wed Apr 27 21:54:16 +0000 2016
3592477283,Bernie Sanders,Negative,Nord-Pas-de-Calais Picardie,Wed Apr 27 21:54:16 +0000 2016
396732082,Bernie Sanders,Neutral,South Carolina,Wed Apr 27 21:54:16 +0000 2016
3923541917,Bernie Sanders,Neutral,undefined,Wed Apr 27 21:54:17 +0000 2016
1155127890,Bernie Sanders,Neutral,Indiana,Wed Apr 27 21:54:17 +0000 2016
603798545,Bernie Sanders,Neutral,Florida,Wed Apr 27 21:54:19 +0000 2016
16927345,Bernie Sanders,Neutral,New York,Wed Apr 27 21:54:19 +0000 2016
22408314,Bernie Sanders,Neutral,Delaware,Wed Apr 27 21:54:19 +0000 2016
2920759605,Bernie Sanders,Negative,undefined,Wed Apr 27 21:54:19 +0000 2016
19802846,Bernie Sanders,Neutral,Iowa,Wed Apr 27 21:54:21 +0000 2016
3592477283,Bernie Sanders,Positive,Nord-Pas-de-Calais Picardie,Wed Apr 27 21:54:22 +0000 2016
156810035,Bernie Sanders,Positive,New York,Wed Apr 27 21:54:23 +0000 2016
16377959,Bernie Sanders,Positive,Ohio,Wed Apr 27 21:54:23 +0000 2016
1482054780,Bernie Sanders,Negative,undefined,Wed Apr 27 21:54:27 +0000 2016
1645450532,Bernie Sanders,Negative,undefined,Wed Apr 27 21:54:27 +0000 2016
4114171338,Bernie Sanders,Neutral,Minnesota,Wed Apr 27 21:54:28 +0000 2016
28974585,Bernie Sanders,Positive,New York,Wed Apr 27 21:54:28 +0000 2016
32346621,Bernie Sanders,Neutral,California,Wed Apr 27 21:54:28 +0000 2016
713044084517126144,Bernie Sanders,Neutral,Florida,Wed Apr 27 21:54:30 +0000 2016
14814544,Bernie Sanders,Neutral,Washington,Wed Apr 27 21:54:30 +0000 2016
16377959,Bernie Sanders,Positive,Ohio,Wed Apr 27 21:54:30 +0000 2016
14365762,Bernie Sanders,Neutral,undefined,Wed Apr 27 21:54:31 +0000 2016
20364178,Bernie Sanders,Neutral,Wisconsin,Wed Apr 27 21:54:33 +0000 2016
35536466,Bernie Sanders,Negative,New York,Wed Apr 27 21:54:34 +0000 2016
116110583,Bernie Sanders,Positive,Kansas,Wed Apr 27 21:54:34 +0000 2016
21926367,Bernie Sanders,Negative,California,Wed Apr 27 21:54:34 +0000 2016
14814544,Bernie Sanders,Neutral,Washington,Wed Apr 27 21:54:35 +0000 2016
901903482,Bernie Sanders,Positive,California,Wed Apr 27 21:54:35 +0000 2016
149990726,Bernie Sanders,Negative,New York,Wed Apr 27 21:54:36 +0000 2016
4114171338,Bernie Sanders,Neutral,Minnesota,Wed Apr 27 21:54:37 +0000 2016
4031369063,Bernie Sanders,Positive,Pennsylvania,Wed Apr 27 21:54:37 +0000 2016
313264202,Bernie Sanders,Negative,Maryland,Wed Apr 27 21:54:37 +0000 2016
16377959,Bernie Sanders,Positive,Ohio,Wed Apr 27 21:54:39 +0000 2016
1548714900,Bernie Sanders,Negative,undefined,Wed Apr 27 21:54:39 +0000 2016
703960171,Bernie Sanders,Neutral,Texas,Wed Apr 27 21:54:39 +0000 2016
17495913,Bernie Sanders,Positive,Oregon,Wed Apr 27 21:54:40 +0000 2016
3382135659,Bernie Sanders,Positive,undefined,Wed Apr 27 21:54:40 +0000 2016
3859728013,Bernie Sanders,Neutral,undefined,Wed Apr 27 21:54:40 +0000 2016
448395724,Bernie Sanders,Neutral,Tennessee,Wed Apr 27 21:54:41 +0000 2016
4114171338,Bernie Sanders,Neutral,Minnesota,Wed Apr 27 21:54:43 +0000 2016
19796860,Bernie Sanders,Negative,Connecticut,Wed Apr 27 21:54:43 +0000 2016
268416076,Bernie Sanders,Neutral,undefined,Wed Apr 27 21:54:44 +0000 2016
2802784180,Bernie Sanders,Negative,Texas,Wed Apr 27 21:54:44 +0000 2016
484309065,Bernie Sanders,Neutral,Oregon,Wed Apr 27 21:54:45 +0000 2016
526467856,Bernie Sanders,Positive,New Jersey,Wed Apr 27 21:54:45 +0000 2016
2304955363,Bernie Sanders,Positive,Illinois,Wed Apr 27 21:54:46 +0000 2016
250906472,Bernie Sanders,Positive,California,Wed Apr 27 21:54:45 +0000 2016
1375717166,Bernie Sanders,Neutral,Auckland,Wed Apr 27 21:54:47 +0000 2016
3421597870,Bernie Sanders,Negative,Ontario,Wed Apr 27 21:54:48 +0000 2016
4114171338,Bernie Sanders,Neutral,Minnesota,Wed Apr 27 21:54:49 +0000 2016
1628768906,Bernie Sanders,Neutral,California,Wed Apr 27 21:54:50 +0000 2016
56653932,Bernie Sanders,Negative,California,Wed Apr 27 21:54:50 +0000 2016
3144779194,Bernie Sanders,Positive,Ohio,Wed Apr 27 21:54:53 +0000 2016
272237835,Bernie Sanders,Neutral,Arizona,Wed Apr 27 21:54:53 +0000 2016
357023982,Bernie Sanders,Neutral,North Carolina,Wed Apr 27 21:54:54 +0000 2016
3244653900,Bernie Sanders,Positive,Oregon,Wed Apr 27 21:54:54 +0000 2016
4114171338,Bernie Sanders,Neutral,Minnesota,Wed Apr 27 21:54:54 +0000 2016
379417235,Bernie Sanders,Negative,Ontario,Wed Apr 27 21:54:56 +0000 2016
876737539,Bernie Sanders,Negative,undefined,Wed Apr 27 21:54:56 +0000 2016
21785215,Bernie Sanders,Positive,undefined,Wed Apr 27 21:54:57 +0000 2016
282822227,Bernie Sanders,Positive,Washington,Wed Apr 27 21:54:57 +0000 2016
388540123,Bernie Sanders,Negative,Indiana,Wed Apr 27 21:54:57 +0000 2016
3006110592,Bernie Sanders,Negative,North Carolina,Wed Apr 27 21:54:59 +0000 2016
268871143,Bernie Sanders,Neutral,Arizona,Wed Apr 27 21:54:59 +0000 2016
1251056551,Bernie Sanders,Positive,undefined,Wed Apr 27 21:54:59 +0000 2016
24985314,Bernie Sanders,Positive,Ohio,Wed Apr 27 21:54:59 +0000 2016
270651542,Bernie Sanders,Positive,Texas,Wed Apr 27 21:55:00 +0000 2016
3258163465,Bernie Sanders,Negative,Colorado,Wed Apr 27 21:55:00 +0000 2016
27693826,Bernie Sanders,Positive,Nebraska,Wed Apr 27 21:55:00 +0000 2016
4114171338,Bernie Sanders,Neutral,Minnesota,Wed Apr 27 21:55:00 +0000 2016
723254003736268801,Bernie Sanders,Negative,Oregon,Wed Apr 27 21:55:01 +0000 2016
19802846,Bernie Sanders,Positive,Iowa,Wed Apr 27 21:55:01 +0000 2016
716693437857144833,Bernie Sanders,Negative,undefined,Wed Apr 27 21:55:01 +0000 2016
19802846,Bernie Sanders,Positive,Iowa,Wed Apr 27 21:55:02 +0000 2016
3018370822,Bernie Sanders,Negative,Louisiana,Wed Apr 27 21:55:02 +0000 2016
38540813,Bernie Sanders,Neutral,California,Wed Apr 27 21:55:02 +0000 2016
48142971,Bernie Sanders,Neutral,undefined,Wed Apr 27 21:55:03 +0000 2016
228568126,Bernie Sanders,Neutral,California,Wed Apr 27 21:55:03 +0000 2016
60799419,Bernie Sanders,Positive,Arizona,Wed Apr 27 21:55:05 +0000 2016
3384127547,Bernie Sanders,Neutral,Shizuoka-ken,Wed Apr 27 21:55:05 +0000 2016
181039052,Bernie Sanders,Positive,Massachusetts,Wed Apr 27 21:55:06 +0000 2016
16815644,Bernie Sanders,Neutral,District of Columbia,Wed Apr 27 21:55:06 +0000 2016
129844636,Bernie Sanders,Neutral,West Coast,Wed Apr 27 21:55:07 +0000 2016
2411584650,Bernie Sanders,Neutral,Texas,Wed Apr 27 21:55:07 +0000 2016
3408262787,Bernie Sanders,Positive,undefined,Wed Apr 27 21:55:07 +0000 2016
24985314,Bernie Sanders,Neutral,Ohio,Wed Apr 27 21:55:08 +0000 2016
3408262787,Bernie Sanders,Negative,undefined,Wed Apr 27 21:55:08 +0000 2016
141461543,Bernie Sanders,Neutral,Colorado,Wed Apr 27 21:55:07 +0000 2016
3247925082,Bernie Sanders,Positive,Colorado,Wed Apr 27 21:55:08 +0000 2016
3408262787,Bernie Sanders,Neutral,undefined,Wed Apr 27 21:55:08 +0000 2016
4114171338,Bernie Sanders,Neutral,Minnesota,Wed Apr 27 21:55:08 +0000 2016
3408262787,Bernie Sanders,Neutral,undefined,Wed Apr 27 21:55:09 +0000 2016
3408262787,Bernie Sanders,Neutral,undefined,Wed Apr 27 21:55:09 +0000 2016
4006064986,Bernie Sanders,Neutral,undefined,Wed Apr 27 21:55:09 +0000 2016
3408262787,Bernie Sanders,Negative,undefined,Wed Apr 27 21:55:09 +0000 2016
14424995,Bernie Sanders,Positive,New York,Wed Apr 27 21:55:10 +0000 2016
1864960441,Bernie Sanders,Neutral,Humacao,Wed Apr 27 21:55:10 +0000 2016
16377959,Bernie Sanders,Neutral,Ohio,Wed Apr 27 21:55:10 +0000 2016
20017835,Bernie Sanders,Neutral,New York,Wed Apr 27 21:55:10 +0000 2016
706679881904443392,Bernie Sanders,Negative,Aquitaine Limousin Poitou-Charentes,Wed Apr 27 21:55:12 +0000 2016
22427369,Bernie Sanders,Neutral,South Carolina,Wed Apr 27 21:55:13 +0000 2016
4114171338,Bernie Sanders,Neutral,Minnesota,Wed Apr 27 21:55:13 +0000 2016
704696943771975681,Bernie Sanders,Neutral,undefined,Wed Apr 27 21:55:14 +0000 2016
21237658,Bernie Sanders,Neutral,undefined,Wed Apr 27 21:55:16 +0000 2016
2319244003,Bernie Sanders,Positive,Mississippi,Wed Apr 27 21:55:16 +0000 2016
25704622,Bernie Sanders,Neutral,New York,Wed Apr 27 21:55:17 +0000 2016
117521669,Bernie Sanders,Neutral,undefined,Wed Apr 27 21:55:17 +0000 2016
96048623,Bernie Sanders,Negative,Vermont,Wed Apr 27 21:55:19 +0000 2016
251444308,Bernie Sanders,Positive,Massachusetts,Wed Apr 27 21:55:19 +0000 2016
3247009381,Bernie Sanders,Negative,Alabama,Wed Apr 27 21:55:20 +0000 2016
216290322,Bernie Sanders,Neutral,Kentucky,Wed Apr 27 21:55:21 +0000 2016
19802846,Bernie Sanders,Neutral,Iowa,Wed Apr 27 21:55:21 +0000 2016
372574191,Bernie Sanders,Positive,Nevada,Wed Apr 27 21:55:21 +0000 2016
3068773736,Bernie Sanders,Negative,Texas,Wed Apr 27 21:55:22 +0000 2016
23498379,Bernie Sanders,Neutral,Maryland,Wed Apr 27 21:55:23 +0000 2016
4114171338,Bernie Sanders,Neutral,Minnesota,Wed Apr 27 21:55:23 +0000 2016
262400204,Bernie Sanders,Negative,undefined,Wed Apr 27 21:55:23 +0000 2016
1663761480,Bernie Sanders,Neutral,Illinois,Wed Apr 27 21:55:23 +0000 2016
19802846,Bernie Sanders,Neutral,Iowa,Wed Apr 27 21:55:24 +0000 2016
4890945633,Bernie Sanders,Neutral,Missouri,Wed Apr 27 21:55:25 +0000 2016
232773047,Bernie Sanders,Neutral,undefined,Wed Apr 27 21:55:26 +0000 2016
11375732,Bernie Sanders,Positive,New York,Wed Apr 27 21:55:26 +0000 2016
3703454896,Bernie Sanders,Positive,undefined,Wed Apr 27 21:55:27 +0000 2016
18391051,Bernie Sanders,Neutral,Pennsylvania,Wed Apr 27 21:55:27 +0000 2016
29507306,Bernie Sanders,Neutral,Texas,Wed Apr 27 21:55:28 +0000 2016
14382766,Bernie Sanders,Neutral,Castilla-La Mancha,Wed Apr 27 21:55:28 +0000 2016
4114171338,Bernie Sanders,Neutral,Minnesota,Wed Apr 27 21:55:28 +0000 2016
439226464,Bernie Sanders,Neutral,Dubai,Wed Apr 27 21:55:29 +0000 2016
329159493,Bernie Sanders,Neutral,Oregon,Wed Apr 27 21:55:29 +0000 2016
2608607628,Bernie Sanders,Neutral,undefined,Wed Apr 27 21:55:30 +0000 2016
18202106,Bernie Sanders,Neutral,undefined,Wed Apr 27 21:55:31 +0000 2016
511326615,Bernie Sanders,Neutral,California,Wed Apr 27 21:55:31 +0000 2016
126652237,Bernie Sanders,Neutral,undefined,Wed Apr 27 21:55:32 +0000 2016
17115086,Bernie Sanders,Negative,Pennsylvania,Wed Apr 27 21:55:32 +0000 2016
724699071496089600,Bernie Sanders,Neutral,New Mexico,Wed Apr 27 21:55:34 +0000 2016
4114171338,Bernie Sanders,Neutral,Minnesota,Wed Apr 27 21:55:34 +0000 2016
91188635,Bernie Sanders,Negative,Texas,Wed Apr 27 21:55:35 +0000 2016
14084825,Bernie Sanders,Neutral,Texas,Wed Apr 27 21:55:35 +0000 2016
2422304735,Bernie Sanders,Positive,undefined,Wed Apr 27 21:55:35 +0000 2016
25708904,Bernie Sanders,Positive,New York,Wed Apr 27 21:55:35 +0000 2016
29453773,Bernie Sanders,Neutral,undefined,Wed Apr 27 21:55:36 +0000 2016
240360156,Bernie Sanders,Neutral,Pennsylvania,Wed Apr 27 21:55:37 +0000 2016
439226464,Bernie Sanders,Neutral,Dubai,Wed Apr 27 21:55:37 +0000 2016
19802846,Bernie Sanders,Neutral,Iowa,Wed Apr 27 21:55:37 +0000 2016
21237658,Bernie Sanders,Neutral,undefined,Wed Apr 27 21:55:37 +0000 2016
19802846,Bernie Sanders,Neutral,Iowa,Wed Apr 27 21:55:38 +0000 2016
99177027,Bernie Sanders,Positive,undefined,Wed Apr 27 21:55:38 +0000 2016
521869396,Bernie Sanders,Positive,New Jersey,Wed Apr 27 21:55:38 +0000 2016
486265277,Bernie Sanders,Neutral,Jerusalem District,Wed Apr 27 21:55:38 +0000 2016
4328075054,Bernie Sanders,Neutral,Alberta,Wed Apr 27 21:55:38 +0000 2016
712898211296313345,Bernie Sanders,Neutral,Texas,Wed Apr 27 21:55:39 +0000 2016
335142008,Bernie Sanders,Negative,California,Wed Apr 27 21:55:39 +0000 2016
4114171338,Bernie Sanders,Neutral,Minnesota,Wed Apr 27 21:55:40 +0000 2016
715003181583872000,Bernie Sanders,Positive,California,Wed Apr 27 21:55:40 +0000 2016
631898817,Bernie Sanders,Positive,Massachusetts,Wed Apr 27 21:55:41 +0000 2016
704446144814796800,Bernie Sanders,Negative,Kentucky,Wed Apr 27 21:55:42 +0000 2016
35133554,Bernie Sanders,Neutral,Ohio,Wed Apr 27 21:55:42 +0000 2016
156133143,Bernie Sanders,Positive,Tennessee,Wed Apr 27 21:55:44 +0000 2016
321738276,Bernie Sanders,Negative,North Carolina,Wed Apr 27 21:55:44 +0000 2016
2818206308,Bernie Sanders,Negative,California,Wed Apr 27 21:55:44 +0000 2016
252764915,Bernie Sanders,Positive,California,Wed Apr 27 21:55:44 +0000 2016
2898702355,Bernie Sanders,Positive,California,Wed Apr 27 21:55:45 +0000 2016
27957863,Bernie Sanders,Positive,Florida,Wed Apr 27 21:55:46 +0000 2016
611915772,Bernie Sanders,Positive,Ohio,Wed Apr 27 21:55:47 +0000 2016
16167236,Bernie Sanders,Positive,California,Wed Apr 27 21:55:47 +0000 2016
962967806,Bernie Sanders,Neutral,California,Wed Apr 27 21:55:48 +0000 2016
4114171338,Bernie Sanders,Neutral,Minnesota,Wed Apr 27 21:55:48 +0000 2016
201138569,Bernie Sanders,Negative,Ohio,Wed Apr 27 21:55:48 +0000 2016
25274270,Bernie Sanders,Positive,California,Wed Apr 27 21:55:51 +0000 2016
1301901212,Bernie Sanders,Neutral,undefined,Wed Apr 27 21:55:52 +0000 2016
1640917519,Bernie Sanders,Positive,undefined,Wed Apr 27 21:55:52 +0000 2016
2263797415,Bernie Sanders,Neutral,Virginia,Wed Apr 27 21:55:52 +0000 2016
4746162935,Bernie Sanders,Negative,Pennsylvania,Wed Apr 27 21:55:52 +0000 2016
3248753868,Bernie Sanders,Neutral,California,Wed Apr 27 21:55:52 +0000 2016
309422920,Bernie Sanders,Negative,undefined,Wed Apr 27 21:55:52 +0000 2016
3248753868,Bernie Sanders,Neutral,California,Wed Apr 27 21:55:53 +0000 2016
22084332,Bernie Sanders,Neutral,Ohio,Wed Apr 27 21:55:56 +0000 2016
165626652,Bernie Sanders,Neutral,undefined,Wed Apr 27 21:55:56 +0000 2016
372574191,Bernie Sanders,Neutral,Nevada,Wed Apr 27 21:55:57 +0000 2016
2371405189,Bernie Sanders,Neutral,undefined,Wed Apr 27 21:55:58 +0000 2016
108411567,Bernie Sanders,Neutral,undefined,Wed Apr 27 21:55:59 +0000 2016
629861043,Bernie Sanders,Positive,Nord-Pas-de-Calais Picardie,Wed Apr 27 21:56:00 +0000 2016
563337803,Bernie Sanders,Negative,undefined,Wed Apr 27 21:56:02 +0000 2016
19944110,Bernie Sanders,Neutral,California,Wed Apr 27 21:56:02 +0000 2016
4869905412,Bernie Sanders,Neutral,California,Wed Apr 27 21:56:02 +0000 2016
118216384,Bernie Sanders,Positive,Pennsylvania,Wed Apr 27 21:56:04 +0000 2016
711936148,Bernie Sanders,Positive,South Carolina,Wed Apr 27 21:56:04 +0000 2016
124653833,Bernie Sanders,Neutral,Campania,Wed Apr 27 21:56:05 +0000 2016
3423361827,Bernie Sanders,Neutral,undefined,Wed Apr 27 21:56:06 +0000 2016
160950700,Bernie Sanders,Positive,Connecticut,Wed Apr 27 21:56:06 +0000 2016
316063176,Bernie Sanders,Neutral,undefined,Wed Apr 27 21:56:07 +0000 2016
309422920,Bernie Sanders,Neutral,undefined,Wed Apr 27 21:56:07 +0000 2016
160950985,Bernie Sanders,Positive,Connecticut,Wed Apr 27 21:56:09 +0000 2016
4746162935,Bernie Sanders,Neutral,Pennsylvania,Wed Apr 27 21:56:11 +0000 2016
19802846,Bernie Sanders,Neutral,Iowa,Wed Apr 27 21:56:11 +0000 2016
19802846,Bernie Sanders,Neutral,Iowa,Wed Apr 27 21:56:11 +0000 2016
311765746,Bernie Sanders,Negative,Texas,Wed Apr 27 21:56:13 +0000 2016
100838706,Bernie Sanders,Negative,New York,Wed Apr 27 21:56:14 +0000 2016
11994002,Bernie Sanders,Neutral,California,Wed Apr 27 21:56:14 +0000 2016
718963192743854080,Bernie Sanders,Negative,Oregon,Wed Apr 27 21:56:14 +0000 2016
117450444,Bernie Sanders,Negative,Saitama-ken,Wed Apr 27 21:56:15 +0000 2016
742143,Bernie Sanders,Neutral,England,Wed Apr 27 21:56:15 +0000 2016
